{
    "keyboard_name": "AL68 Keyboard",
    "usb": {
        "pid": "0x304E",
        "device_version": "1.1.7",
        "wait_for": false,
        "no_startup_check": true                                     
    },
    "diode_direction": "ROW2COL",

    "matrix_pins": {
        "rows": ["A0", "A1", "A2", "A3", "A4"],
        "cols": ["B0","B2", "B10", "B11", "B12", "B13", "B14", "B15", "A14", "B3", "A15", "B5","B6", "B7", "C13"]   
    },


    "features": {
        "bootmagic": true,
        "command": false,
        "console": true,
        "extrakey": true,
        "mousekey": true,
        "nkro": true,
        "rgblight": true,
        "rgb_matrix":true,
        "os_detection":true
    },

    "rgblight": {
        "led_count": 2,
        "driver": "custom",
        "animations": {
            "rainbow_mood" : true
        }
    },

    "encoder": {
        "rotary": [
            { "pin_a": "A6", "pin_b": "A7" }
        ]
    },




    "ws2812": {
        "pin": "B8",
        "driver": "pwm"
      },
    "rgb_matrix": {
        "driver": "ws2812",
        "animations": {
            "solid_color":true,
            "gradient_up_down": true,
            "gradient_left_right": true,
            "breathing": true,
            "band_sat": true,
            "band_val": true,
            "band_pinwheel_sat": true,
            "band_pinwheel_val": true,
            "band_spiral_sat": true,
            "band_spiral_val": true,
            "cycle_all": true,
            "cycle_left_right": true,
            "cycle_up_down": true,
            "cycle_out_in": true,
            "cycle_out_in_dual": true,
            "rainbow_moving_chevron": true,
            "cycle_pinwheel": true,
            "cycle_spiral": true,
            "dual_beacon": true,
            "rainbow_beacon": true,
            "rainbow_pinwheels": true,
            "hue_breathing": true,
            "hue_pendulum": true,
            "hue_wave": true
            // "typing_heatmap": true,
            // "digital_rain": true,
            // "solid_reactive_simple": true,
            // "solid_reactive": true,
            // "solid_reactive_wide": true,
            // "solid_reactive_multiwide": true,
            // "solid_reactive_cross": true,
            // "solid_reactive_multicross": true,
            // "solid_reactive_nexus": true,
            // "solid_reactive_multinexus": true,
            // "splash": true,
            // "multisplash": true,
            // "solid_splash": true,
            // "solid_multisplash": true
        },

        "layout": [


            { "flags": 4, "matrix": [4, 5], "x": 95, "y": 64 },  //space     8
            { "flags": 4, "matrix": [4, 10], "x": 151, "y": 64 },//fn   
            { "flags": 4, "matrix": [4, 11], "x": 170, "y": 64 },//Rctrl

            { "flags": 4,  "x": 183, "y": 56 },//logo
            { "flags": 4,  "x": 183, "y": 64 },//logo

            { "flags": 4, "matrix": [4, 12], "x": 183, "y": 64 },//left
            { "flags": 4, "matrix": [4, 13], "x": 194, "y": 64 },  //down
            { "flags": 4, "matrix": [4, 14], "x": 224, "y": 64 },//right



            { "flags": 4, "matrix": [3, 14], "x": 224, "y": 48 },//pgdn    17
            { "flags": 4, "matrix": [3, 13], "x": 209, "y": 48 },//up
            { "flags": 4, "matrix": [3, 12], "x": 188, "y": 48 },//rshft
            { "flags": 4, "matrix": [3, 11], "x": 168, "y": 48 },///
            { "flags": 4, "matrix": [3, 10], "x": 153, "y": 48 },//.
            { "flags": 4, "matrix": [3, 9], "x": 138, "y": 48 },//,
            { "flags": 4, "matrix": [3, 8], "x": 123, "y": 48 },// m
            { "flags": 4, "matrix": [3, 7], "x": 108, "y": 48 },//n
            { "flags": 4, "matrix": [3, 6], "x": 93, "y": 48 },//b
            { "flags": 4, "matrix": [3, 5], "x": 78, "y": 48 },//v
            { "flags": 4, "matrix": [3, 4], "x": 63, "y": 48 },//c
            { "flags": 4, "matrix": [3, 3], "x": 48, "y": 48 },//x
            { "flags": 4, "matrix": [3, 2], "x": 34, "y": 48 },//z

            { "flags": 4, "matrix": [4, 2], "x": 39, "y": 64 },//lalt
            { "flags": 4, "matrix": [4, 1], "x": 20, "y": 64 },//lwin
            { "flags": 4, "matrix": [4, 0], "x": 2, "y": 64 },//lctrl

            { "flags": 4, "matrix": [3, 0], "x": 9, "y": 48 },//lshift


                  
            { "flags": 4, "matrix": [2, 0], "x": 6, "y": 32 },//caps   //14
            { "flags": 4, "matrix": [2, 1], "x": 25, "y": 32 }, //a
            { "flags": 4, "matrix": [2, 2], "x": 41, "y": 32 },//s
            { "flags": 4, "matrix": [2, 3], "x": 56, "y": 32 },//d
            { "flags": 4, "matrix": [2, 4], "x": 71, "y": 32 },//f
            { "flags": 4, "matrix": [2, 5], "x": 86, "y": 32 },//g
            { "flags": 4, "matrix": [2, 6], "x": 101, "y": 32 },//h
            { "flags": 4, "matrix": [2, 7], "x": 116, "y": 32 },//j
            { "flags": 4, "matrix": [2, 8], "x": 130, "y": 32 },//k
            { "flags": 4, "matrix": [2, 9], "x": 145, "y": 32 },//l
            { "flags": 4, "matrix": [2, 10], "x": 160, "y": 32 },//;
            { "flags": 4, "matrix": [2, 11], "x": 175, "y": 32 },//''
            { "flags": 4, "matrix": [2, 13], "x": 200, "y": 32 },//enter
            { "flags": 4, "matrix": [2, 14], "x": 224, "y": 32 },//pgup


          
    
        
      
          
           

  
            { "flags": 4, "matrix": [1, 14], "x": 224, "y": 16 },//del //15   
            { "flags": 4, "matrix": [1, 13], "x": 205, "y": 16 },//\
            { "flags": 4, "matrix": [1, 12], "x": 187, "y": 16 },//]
            { "flags": 4, "matrix": [1, 11], "x": 172, "y": 16 },//[
            { "flags": 4, "matrix": [1, 10], "x": 157, "y": 16 },//p
            { "flags": 4, "matrix": [1, 9], "x": 142, "y": 16 },//o
            { "flags": 4, "matrix": [1, 8], "x": 127, "y": 16 },//i
            { "flags": 4, "matrix": [1, 7], "x": 112, "y": 16 },//u
            { "flags": 4, "matrix": [1, 6], "x": 97, "y": 16 },//y
            { "flags": 4, "matrix": [1, 5], "x": 82, "y": 16 },//t
            { "flags": 4, "matrix": [1, 4], "x": 67, "y": 16 },//r
            { "flags": 4, "matrix": [1, 3], "x": 52, "y": 16 },//e
            { "flags": 4, "matrix": [1, 2], "x": 37, "y": 16 },//w
            { "flags": 4, "matrix": [1, 1], "x": 22, "y": 16 },//q
            { "flags": 4, "matrix": [1, 0], "x": 4, "y": 16 },//tab


        

         
            { "flags": 4, "matrix": [0, 0], "x": 0,"y": 0},//esc   //14    
            { "flags": 4, "matrix": [0, 1], "x": 15, "y": 0 },//1  
            { "flags": 4, "matrix": [0, 2], "x": 30, "y": 0 },//2
            { "flags": 4, "matrix": [0, 3], "x": 45, "y": 0 },  //3
            { "flags": 4, "matrix": [0, 4], "x": 60, "y": 0 },//4
            { "flags": 4, "matrix": [0, 5], "x": 75, "y": 0 },//5
            { "flags": 4, "matrix": [0, 6], "x": 90, "y": 0 },//6
            { "flags": 4, "matrix": [0, 7], "x": 105, "y": 0 },//7
            { "flags": 4, "matrix": [0, 8], "x": 119, "y": 0 },//8
            { "flags": 4, "matrix": [0, 9], "x": 134,"y": 0 },//9
            { "flags": 4, "matrix": [0, 10], "x": 149, "y": 0 },//0
            { "flags": 4, "matrix": [0, 11], "x": 164, "y": 0 },//-
            { "flags": 4, "matrix": [0, 12], "x": 179, "y": 0 },//=
            { "flags": 4, "matrix": [0, 13], "x": 202, "y": 0 }//backspace


        


        ]
     },


    "layouts": {
        "LAYOUT": {
            "layout": [
                {"matrix":[0, 0],"x": 0,"y": 0}, //esc
                {"matrix":[0, 1],"x": 1, "y": 0}, //1
                {"matrix":[0, 2],"x": 2, "y": 0}, //2
                {"matrix":[0, 3],"x": 3, "y": 0},//3
                {"matrix":[0, 4],"x": 4, "y": 0},//4
                {"matrix":[0, 5],"x": 5, "y": 0},//5
                {"matrix":[0, 6],"x": 6, "y": 0},//6
                {"matrix":[0, 7],"x": 7, "y": 0},//7
                {"matrix":[0, 8],"x": 8, "y": 0},//8
                {"matrix":[0, 9],"x": 9,"y": 0},//9
                {"matrix":[0, 10],"x": 10, "y": 0},//0
                {"matrix":[0, 11],"x": 11, "y": 0},//-
                {"matrix":[0, 12],"x": 12, "y": 0},//=
                {"matrix":[0, 13],"x": 14, "y": 0},//backspace
                {"matrix":[0, 14],"x": 15, "y": 0},//mute

               
                {"matrix":[1, 0], "x": 0, "y": 1},//tab
                {"matrix":[1, 1],"x": 1.5, "y": 1},//q
                {"matrix":[1, 2],"x": 2.5, "y": 1},//w
                {"matrix":[1, 3], "x": 3.5, "y": 1},//e
                {"matrix":[1, 4],"x": 4.5, "y": 1},//r
                {"matrix":[1, 5],"x": 5.5, "y": 1},//t
                {"matrix":[1, 6],"x": 6.5, "y": 1},//y
                {"matrix":[1, 7],"x": 7.5, "y": 1},//u
                {"matrix":[1, 8],"x": 8.5, "y": 1},//i
                {"matrix":[1, 9],"x": 9.5, "y": 1},//o
                {"matrix":[1, 10],"x":10.5, "y": 1},//p
                {"matrix":[1, 11],"x":11.5, "y": 1},//[
                {"matrix":[1, 12],"x":12.5, "y": 1},//]
                {"matrix":[1, 13],"x":14, "y": 1},//\
                {"matrix":[1, 14],"x":15, "y": 1},//del
             
                {"matrix":[2, 0], "x": 0,"y": 2},//caps
                {"matrix":[2, 1],"x": 1.75, "y": 2},//a
                {"matrix":[2, 2], "x": 2.75, "y": 2},//s
                {"matrix":[2, 3],"x": 3.75, "y": 2},//d
                {"matrix":[2, 4],"x": 4.75, "y": 2},//f
                {"matrix":[2, 5],"x": 5.75, "y": 2},//g
                {"matrix":[2, 6], "x": 6.75, "y": 2},//h
                {"matrix":[2, 7],"x": 7.75, "y": 2},//j
                {"matrix":[2, 8],"x": 8.75, "y": 2},//k
                {"matrix":[2, 9], "x":9.75,"y": 2},//l
                {"matrix":[2, 10],"x": 10.75, "y": 2},//;
                {"matrix":[2, 11], "x": 11.75, "y": 2},//''
                {"matrix":[2, 13],"x": 14, "y": 2},//enter
                {"matrix":[2, 14],"x": 15, "y": 2},//pgup


                {"matrix":[3, 0],"x": 0, "y": 3},//shift
                {"matrix":[3, 2],"x": 2.5, "y": 3},//z
                {"matrix":[3, 3],"x": 3.5, "y": 3},//x
                {"matrix":[3, 4],"x": 4.5, "y": 3},//c
                {"matrix":[3, 5],"x": 5.5, "y": 3},//v
                {"matrix":[3, 6],"x": 6.5, "y": 3},//b
                {"matrix":[3, 7],"x": 7.5, "y": 3},//n
                {"matrix":[3, 8],"x": 8.5, "y": 3},//m
                {"matrix":[3, 9],"x": 9.5, "y": 3},//,
                {"matrix":[3, 10],"x": 10.5, "y": 3},//.
                {"matrix":[3, 11],"x": 11.5, "y": 3},// /
                {"matrix":[3, 12],"x": 13, "y": 3},//shift
                {"matrix":[3, 13],"x": 14, "y": 3},//up
                {"matrix":[3, 14],"x": 15, "y": 3},//pgon
   

             
                {"matrix":[4, 0], "x": 0, "y": 4},//ctrl
                {"matrix":[4, 1],"x": 1.25, "y": 4},//win
                {"matrix":[4, 2],"x": 2.5, "y": 4},//alt
                {"matrix":[4, 5],"x": 8.75, "y": 4},//space
                {"matrix":[4, 10],"x": 10, "y": 4},//fn
                {"matrix":[4, 11], "x": 11.25,"y": 4},//ctrl
                {"matrix":[4, 12], "x": 12.50, "y": 4},//left
                {"matrix":[4, 13], "x": 13.75, "y": 4},//down
                {"matrix":[4, 14], "x": 15, "y": 4},//right

                {"matrix":[4, 3], "x": 15, "y": 4}//虚拟按键
            
    

            ]
        }
    }
}




