{
    "manufacturer": "GLENCREAG",
    "keyboard_name": "WK84",
    "maintainer": "Gsky",
    "bootloader": "wb32-dfu",
    "debounce": 1,
    "diode_direction": "ROW2COL",
    "dynamic_keymap": {
        "layer_count": 4
    },
    "eeprom": {
        "driver": "wear_leveling",
        "wear_leveling": {
            "backing_size": 4096,
            "driver": "spi_flash"
        }
    },
    "features": {
        "bootmagic": true,
        "command": false,
        "console": false,    
        "extrakey": true,
        "mousekey": true,
        "nkro": true,
        "rgb_matrix": true,     
    },
    "matrix_pins": {
        "cols": ["B0", "B1", "B2", "B3", "B4", "B5", "B6", "B7", "C12", "A15", "B10", "B11", "A10", "A9", "C8", "C5"],
        "rows": ["A0", "A1", "A2", "A3", "A4", "A8"]
    },
    "processor": "WB32FQ95",
    "qmk": {
        "locking": {
            "enabled": true,
            "resync": true
        },
        "tap_keycode_delay": 10
    },
    "rgb_matrix": {
        "animations": {
            "alphas_mods": true,
            "band_pinwheel_sat": true,
            "band_pinwheel_val": true,
            "band_sat": true,
            "band_spiral_sat": true,
            "band_spiral_val": true,
            "band_val": true,
            "breathing": true,
            "cycle_all": true,
            "cycle_left_right": true,
            "cycle_out_in": true,
            "cycle_out_in_dual": true,
            "cycle_pinwheel": true,
            "cycle_spiral": true,
            "cycle_up_down": true,
            "digital_rain": true,
            "dual_beacon": true,
            "gradient_left_right": true,
            "gradient_up_down": true,
            "hue_breathing": true,
            "hue_pendulum": true,
            "hue_wave": true,
            "jellybean_raindrops": true,
            "multisplash": true,
            "pixel_flow": true,
            "pixel_fractal": true,
            "pixel_rain": true,
            "rainbow_beacon": true,
            "rainbow_moving_chevron": true,
            "rainbow_pinwheels": true,
            "raindrops": true,
            "solid_multisplash": true,
            "solid_reactive": true,
            "solid_reactive_cross": true,
            "solid_reactive_multicross": true,
            "solid_reactive_multinexus": true,
            "solid_reactive_multiwide": true,
            "solid_reactive_nexus": true,
            "solid_reactive_simple": true,
            "solid_reactive_wide": true,
            "solid_splash": true,
            "splash": true,
            "typing_heatmap": true
        },
        "center_point": [77, 30],
        "driver": "ws2812",
        "layout": [
            {"matrix": [5, 4], "x": 37, "y": 50, "flags": 4},
            {"matrix": [5, 3], "x": 25, "y": 50, "flags": 4},
            {"matrix": [5, 2], "x": 12, "y": 50, "flags": 4},
            {"matrix": [5, 1], "x": 0, "y": 50, "flags": 4},
            {"matrix": [5, 0], "x": 0, "y": 40, "flags": 4},
            {"matrix": [4, 1], "x": 22, "y": 40, "flags": 4},
            {"matrix": [4, 2], "x": 32, "y": 40, "flags": 4},
            {"matrix": [4, 3], "x": 42, "y": 40, "flags": 4},
            {"matrix": [4, 4], "x": 52, "y": 40, "flags": 4},
            {"matrix": [4, 5], "x": 62, "y": 40, "flags": 4},
            {"matrix": [4, 6], "x": 72, "y": 40, "flags": 4},
            {"matrix": [4, 7], "x": 82, "y": 40, "flags": 4},
            {"matrix": [4, 8], "x": 92, "y": 40, "flags": 4},
            {"matrix": [4, 9], "x": 102, "y": 40, "flags": 4},
            {"matrix": [4, 10], "x": 112, "y": 40, "flags": 4},
            {"matrix": [5, 8], "x": 100, "y": 50, "flags": 4},
            {"matrix": [5, 9], "x": 110, "y": 50, "flags": 4},
            {"matrix": [5, 10], "x": 120, "y": 50, "flags": 4},
            {"matrix": [5, 11], "x": 130, "y": 50, "flags": 4},
            {"matrix": [5, 12], "x": 140, "y": 50, "flags": 4},
            {"matrix": [5, 13], "x": 150, "y": 50, "flags": 4},
            {"matrix": [4, 11], "x": 122, "y": 40, "flags": 4},
            {"matrix": [4, 12], "x": 140, "y": 40, "flags": 4},
            {"matrix": [4, 13], "x": 150, "y": 40, "flags": 4},
            {"matrix": [3, 13], "x": 150, "y": 30, "flags": 4},
            {"matrix": [3, 12], "x": 127, "y": 30, "flags": 4},
            {"matrix": [3, 11], "x": 117, "y": 30, "flags": 4},
            {"matrix": [3, 10], "x": 107, "y": 30, "flags": 4},
            {"matrix": [3, 9], "x": 97, "y": 30, "flags": 4},
            {"matrix": [3, 8], "x": 87, "y": 30, "flags": 4},
            {"matrix": [3, 7], "x": 77, "y": 30, "flags": 4},
            {"matrix": [3, 6], "x": 67, "y": 30, "flags": 4},
            {"matrix": [3, 5], "x": 57, "y": 30, "flags": 4},
            {"matrix": [3, 4], "x": 47, "y": 30, "flags": 4},
            {"matrix": [3, 3], "x": 37, "y": 30, "flags": 4},
            {"matrix": [3, 2], "x": 27, "y": 30, "flags": 4},
            {"matrix": [3, 1], "x": 17, "y": 30, "flags": 4},
            {"matrix": [3, 0], "x": 0, "y": 30, "flags": 4},
            {"matrix": [2, 0], "x": 0, "y": 20, "flags": 4},
            {"matrix": [2, 1], "x": 15, "y": 20, "flags": 4},
            {"matrix": [2, 2], "x": 25, "y": 20, "flags": 4},
            {"matrix": [2, 3], "x": 35, "y": 20, "flags": 4},
            {"matrix": [2, 4], "x": 45, "y": 20, "flags": 4},
            {"matrix": [2, 5], "x": 55, "y": 20, "flags": 4},
            {"matrix": [2, 6], "x": 65, "y": 20, "flags": 4},
            {"matrix": [2, 7], "x": 75, "y": 20, "flags": 4},
            {"matrix": [2, 8], "x": 85, "y": 20, "flags": 4},
            {"matrix": [2, 9], "x": 95, "y": 20, "flags": 4},
            {"matrix": [2, 10], "x": 105, "y": 20, "flags": 4},
            {"matrix": [2, 11], "x": 115, "y": 20, "flags": 4},
            {"matrix": [2, 12], "x": 125, "y": 20, "flags": 4},
            {"matrix": [2, 13], "x": 140, "y": 20, "flags": 4},
            {"matrix": [1, 15], "x": 150, "y": 20, "flags": 4},
            {"matrix": [1, 14], "x": 150, "y": 10, "flags": 4},
            {"matrix": [1, 13], "x": 140, "y": 10, "flags": 4},
            {"matrix": [1, 12], "x": 120, "y": 10, "flags": 4},
            {"matrix": [1, 11], "x": 110, "y": 10, "flags": 4},
            {"matrix": [1, 10], "x": 100, "y": 10, "flags": 4},
            {"matrix": [1, 9], "x": 90, "y": 10, "flags": 4},
            {"matrix": [1, 8], "x": 80, "y": 10, "flags": 4},
            {"matrix": [1, 7], "x": 70, "y": 10, "flags": 4},
            {"matrix": [1, 6], "x": 60, "y": 10, "flags": 4},
            {"matrix": [1, 5], "x": 50, "y": 10, "flags": 4},
            {"matrix": [1, 4], "x": 40, "y": 10, "flags": 4},
            {"matrix": [1, 3], "x": 30, "y": 10, "flags": 4},
            {"matrix": [1, 2], "x": 20, "y": 10, "flags": 4},
            {"matrix": [1, 1], "x": 10, "y": 10, "flags": 4},
            {"matrix": [1, 0], "x": 0, "y": 10, "flags": 4},
            {"matrix": [0, 0], "x": 0, "y": 0, "flags": 4},
            {"matrix": [0, 1], "x": 10, "y": 0, "flags": 4},
            {"matrix": [0, 2], "x": 20, "y": 0, "flags": 4},
            {"matrix": [0, 3], "x": 30, "y": 0, "flags": 4},
            {"matrix": [0, 4], "x": 40, "y": 0, "flags": 4},
            {"matrix": [0, 5], "x": 50, "y": 0, "flags": 4},
            {"matrix": [0, 6], "x": 60, "y": 0, "flags": 4},
            {"matrix": [0, 7], "x": 70, "y": 0, "flags": 4},
            {"matrix": [0, 8], "x": 80, "y": 0, "flags": 4},
            {"matrix": [0, 9], "x": 90, "y": 0, "flags": 4},
            {"matrix": [0, 10], "x": 100, "y": 0, "flags": 4},
            {"matrix": [0, 11], "x": 110, "y": 0, "flags": 4},
            {"matrix": [0, 12], "x": 120, "y": 0, "flags": 4},
            {"matrix": [0, 13], "x": 130, "y": 0, "flags": 4},
            {"matrix": [0, 14], "x": 140, "y": 0, "flags": 4},
            {"matrix": [0, 15], "x": 150, "y": 0, "flags": 4}
        ],
        "react_on_keyup": true,
        "led_count": 84,
        "max_brightness": 160,
        "default":{
            "sat": 255,
            "val": 160,
            "speed": 195
        },
        "val_steps": 40,
        "speed_steps": 60,
        "sleep": true
    },
    "url": "",
    "usb": {
        "device_version": "0.1.6",
        "pid": "0xE417",
        "vid": "0x342D"
    },
    "ws2812": {
        "driver": "spi",
        "pin": "B15"
    },
    "community_layouts": ["75_ansi"],
    "layouts": {
        "LAYOUT_75_ansi": {
            "layout": [
                {"label": "Esc", "matrix": [0, 0], "x": 0, "y": 0},
                {"label": "F1", "matrix": [0, 1], "x": 1, "y": 0},
                {"label": "F2", "matrix": [0, 2], "x": 2, "y": 0},
                {"label": "F3", "matrix": [0, 3], "x": 3, "y": 0},
                {"label": "F4", "matrix": [0, 4], "x": 4, "y": 0},
                {"label": "F5", "matrix": [0, 5], "x": 5, "y": 0},
                {"label": "F6", "matrix": [0, 6], "x": 6, "y": 0},
                {"label": "F7", "matrix": [0, 7], "x": 7, "y": 0},
                {"label": "F8", "matrix": [0, 8], "x": 8, "y": 0},
                {"label": "F9", "matrix": [0, 9], "x": 9, "y": 0},
                {"label": "F10", "matrix": [0, 10], "x": 10, "y": 0},
                {"label": "F11", "matrix": [0, 11], "x": 11, "y": 0},
                {"label": "F12", "matrix": [0, 12], "x": 12, "y": 0},
                {"label": "PrintScreen", "matrix": [0, 13], "x": 13, "y": 0},
                {"label": "Pause", "matrix": [0, 14], "x": 14, "y": 0},
                {"label": "Del", "matrix": [0, 15], "x": 15, "y": 0},
                {"label": "~", "matrix": [1, 0], "x": 0, "y": 1},
                {"label": "1", "matrix": [1, 1], "x": 1, "y": 1},
                {"label": "2", "matrix": [1, 2], "x": 2, "y": 1},
                {"label": "3", "matrix": [1, 3], "x": 3, "y": 1},
                {"label": "4", "matrix": [1, 4], "x": 4, "y": 1},
                {"label": "5", "matrix": [1, 5], "x": 5, "y": 1},
                {"label": "6", "matrix": [1, 6], "x": 6, "y": 1},
                {"label": "7", "matrix": [1, 7], "x": 7, "y": 1},
                {"label": "8", "matrix": [1, 8], "x": 8, "y": 1},
                {"label": "9", "matrix": [1, 9], "x": 9, "y": 1},
                {"label": "0", "matrix": [1, 10], "x": 10, "y": 1},
                {"label": "-", "matrix": [1, 11], "x": 11, "y": 1},
                {"label": "=", "matrix": [1, 12], "x": 12, "y": 1},
                {"label": "Backspace", "matrix": [1, 13], "x": 13, "y": 1, "w": 2},
                {"label": "Home", "matrix": [1, 14], "x": 15, "y": 1},
                {"label": "Tab", "matrix": [2, 0], "x": 0, "y": 2, "w": 1.5},
                {"label": "Q", "matrix": [2, 1], "x": 1.5, "y": 2},
                {"label": "W", "matrix": [2, 2], "x": 2.5, "y": 2},
                {"label": "E", "matrix": [2, 3], "x": 3.5, "y": 2},
                {"label": "R", "matrix": [2, 4], "x": 4.5, "y": 2},
                {"label": "T", "matrix": [2, 5], "x": 5.5, "y": 2},
                {"label": "Y", "matrix": [2, 6], "x": 6.5, "y": 2},
                {"label": "U", "matrix": [2, 7], "x": 7.5, "y": 2},
                {"label": "I", "matrix": [2, 8], "x": 8.5, "y": 2},
                {"label": "O", "matrix": [2, 9], "x": 9.5, "y": 2},
                {"label": "P", "matrix": [2, 10], "x": 10.5, "y": 2},
                {"label": "[", "matrix": [2, 11], "x": 11.5, "y": 2},
                {"label": "]", "matrix": [2, 12], "x": 12.5, "y": 2},
                {"label": "K29", "matrix": [2, 13], "x": 13.5, "y": 2, "w": 1.5},
                {"label": "End", "matrix": [1, 15], "x": 15, "y": 2},
                {"label": "Caps Lock", "matrix": [3, 0], "x": 0, "y": 3, "w": 1.75},
                {"label": "A", "matrix": [3, 1], "x": 1.75, "y": 3},
                {"label": "S", "matrix": [3, 2], "x": 2.75, "y": 3},
                {"label": "D", "matrix": [3, 3], "x": 3.75, "y": 3},
                {"label": "F", "matrix": [3, 4], "x": 4.75, "y": 3},
                {"label": "G", "matrix": [3, 5], "x": 5.75, "y": 3},
                {"label": "H", "matrix": [3, 6], "x": 6.75, "y": 3},
                {"label": "J", "matrix": [3, 7], "x": 7.75, "y": 3},
                {"label": "K", "matrix": [3, 8], "x": 8.75, "y": 3},
                {"label": "L", "matrix": [3, 9], "x": 9.75, "y": 3},
                {"label": ";", "matrix": [3, 10], "x": 10.75, "y": 3},
                {"label": "'", "matrix": [3, 11], "x": 11.75, "y": 3},
                {"label": "Enter", "matrix": [3, 12], "x": 12.75, "y": 3, "w": 2.25},
                {"label": "PageUp", "matrix": [3, 13], "x": 15, "y": 3},
                {"label": "LShift", "matrix": [5, 0], "x": 0, "y": 4, "w": 2.25},
                {"label": "Z", "matrix": [4, 1], "x": 2.25, "y": 4},
                {"label": "X", "matrix": [4, 2], "x": 3.25, "y": 4},
                {"label": "C", "matrix": [4, 3], "x": 4.25, "y": 4},
                {"label": "V", "matrix": [4, 4], "x": 5.25, "y": 4},
                {"label": "B", "matrix": [4, 5], "x": 6.25, "y": 4},
                {"label": "N", "matrix": [4, 6], "x": 7.25, "y": 4},
                {"label": "M", "matrix": [4, 7], "x": 8.25, "y": 4},
                {"label": ",", "matrix": [4, 8], "x": 9.25, "y": 4},
                {"label": ".", "matrix": [4, 9], "x": 10.25, "y": 4},
                {"label": "/", "matrix": [4, 10], "x": 11.25, "y": 4},
                {"label": "RShift", "matrix": [4, 11], "x": 12.25, "y": 4, "w": 1.75},
                {"label": "Up", "matrix": [4, 12], "x": 14, "y": 4},
                {"label": "PageDown", "matrix": [4, 13], "x": 15, "y": 4},
                {"label": "LCtrl", "matrix": [5, 1], "x": 0, "y": 5, "w": 1.25},
                {"label": "LWin", "matrix": [5, 2], "x": 1.25, "y": 5, "w": 1.25},
                {"label": "LAlt", "matrix": [5, 3], "x": 2.5, "y": 5, "w": 1.25},
                {"label": "Space", "matrix": [5, 4], "x": 3.75, "y": 5, "w": 6.25},
                {"label": "RAlt", "matrix": [5, 8], "x": 10, "y": 5},
                {"label": "FN", "matrix": [5, 9], "x": 11, "y": 5},
                {"label": "RCtrl", "matrix": [5, 10], "x": 12, "y": 5},
                {"label": "Left", "matrix": [5, 11], "x": 13, "y": 5},
                {"label": "Down", "matrix": [5, 12], "x": 14, "y": 5},
                {"label": "Right", "matrix": [5, 13], "x": 15, "y": 5}
            ]
        }
    }
}
