{
    "keyboard_name": "KB83",
    "manufacturer": "www.hfd.cn",
    "maintainer": "hfd",
    "usb": {
        "vid": "0xFFFE",
        "pid": "0x0007",
        "device_version": "1.0.0",
    },
    "rgb_matrix": {
        "animations": {
            "breathing": true,
            "cycle_all": true,
            "cycle_left_right": true,
            "cycle_up_down": true,
            "rainbow_moving_chevron": true,
            "cycle_out_in": true,
            "cycle_out_in_dual": true,
            "cycle_pinwheel": true,
            "cycle_spiral": true,
            "dual_beacon": true,
            "rainbow_beacon": true,
            "raindrops": true,
            "typing_heatmap": true,
            "solid_reactive_simple": true,
            "solid_reactive": true,
            "multisplash": true
        },
        "driver": "snled27351",
        "max_brightness": 200,
        "react_on_keyup": true,
        "sleep": true
    },
    "processor": "WB32FQ95",
    "bootloader": "wb32-dfu",
    "features": {
        "bootmagic": true,
        "mousekey": false,
        "extrakey": true,
        "nkro": true,
        "rgb_matrix": true,
        "dip_switch": true,
        "encoder": true
    },
    "matrix_pins": {
        "cols": ["C1", "C2", "C3", "A0", "A1", "A2", "A3", "A4", "A5", "A6", "A7", "C4", "C5", "B0", "B1", "B2"],
        "rows": ["B15", "C6", "C7", "C8", "C9", "A8"]
    },
    "diode_direction": "ROW2COL",
    "dip_switch": {
        "pins": ["A9"]
    },
    "eeprom": {
        "driver": "wear_leveling",
        "wear_leveling": {
            "driver": "spi_flash",
            "backing_size": 8192
        }
    },
    "encoder": {
        "rotary": [
            {"pin_a": "B14", "pin_b": "B13", "resolution": 4}
        ]
    },
    "qmk": {
        "tap_keycode_delay": 15,
        "locking": {
            "enabled": true,
            "resync": true
        }
    },
    "layouts": {
        "LAYOUT": {
            "layout": [
                {"matrix": [0, 0], "x": 0, "y": 0},

                {"matrix": [0, 1], "x": 1.25, "y": 0},
                {"matrix": [0, 2], "x": 2.25, "y": 0},
                {"matrix": [0, 3], "x": 3.25, "y": 0},
                {"matrix": [0, 4], "x": 4.25, "y": 0},

                {"matrix": [0, 5], "x": 5.5, "y": 0},
                {"matrix": [0, 6], "x": 6.5, "y": 0},
                {"matrix": [0, 7], "x": 7.5, "y": 0},
                {"matrix": [0, 8], "x": 8.5, "y": 0},

                {"matrix": [0, 9], "x": 9.75, "y": 0},
                {"matrix": [0, 10], "x": 10.75, "y": 0},
                {"matrix": [0, 11], "x": 11.75, "y": 0},
                {"matrix": [0, 12], "x": 12.75, "y": 0},

                {"matrix": [0, 13], "x": 14, "y": 0},
                {"matrix": [0, 15], "x": 15.25, "y": 0},

                {"matrix": [1, 0], "x": 0, "y": 1.25},
                {"matrix": [1, 1], "x": 1, "y": 1.25},
                {"matrix": [1, 2], "x": 2, "y": 1.25},
                {"matrix": [1, 3], "x": 3, "y": 1.25},
                {"matrix": [1, 4], "x": 4, "y": 1.25},
                {"matrix": [1, 5], "x": 5, "y": 1.25},
                {"matrix": [1, 6], "x": 6, "y": 1.25},
                {"matrix": [1, 7], "x": 7, "y": 1.25},
                {"matrix": [1, 8], "x": 8, "y": 1.25},
                {"matrix": [1, 9], "x": 9, "y": 1.25},
                {"matrix": [1, 10], "x": 10, "y": 1.25},
                {"matrix": [1, 11], "x": 11, "y": 1.25},
                {"matrix": [1, 12], "x": 12, "y": 1.25},
                {"matrix": [1, 13], "x": 13, "y": 1.25, "w": 2},

                {"matrix": [1, 15], "x": 15.25, "y": 1.25},

                {"matrix": [2, 0], "x": 0, "y": 2.25, "w": 1.5},
                {"matrix": [2, 1], "x": 1.5, "y": 2.25},
                {"matrix": [2, 2], "x": 2.5, "y": 2.25},
                {"matrix": [2, 3], "x": 3.5, "y": 2.25},
                {"matrix": [2, 4], "x": 4.5, "y": 2.25},
                {"matrix": [2, 5], "x": 5.5, "y": 2.25},
                {"matrix": [2, 6], "x": 6.5, "y": 2.25},
                {"matrix": [2, 7], "x": 7.5, "y": 2.25},
                {"matrix": [2, 8], "x": 8.5, "y": 2.25},
                {"matrix": [2, 9], "x": 9.5, "y": 2.25},
                {"matrix": [2, 10], "x": 10.5, "y": 2.25},
                {"matrix": [2, 11], "x": 11.5, "y": 2.25},
                {"matrix": [2, 12], "x": 12.5, "y": 2.25},
                {"matrix": [2, 13], "x": 13.5, "y": 2.25, "w": 1.5},

                {"matrix": [2, 15], "x": 15.25, "y": 2.25},

                {"matrix": [3, 0], "x": 0, "y": 3.25, "w": 1.75},
                {"matrix": [3, 1], "x": 1.75, "y": 3.25},
                {"matrix": [3, 2], "x": 2.75, "y": 3.25},
                {"matrix": [3, 3], "x": 3.75, "y": 3.25},
                {"matrix": [3, 4], "x": 4.75, "y": 3.25},
                {"matrix": [3, 5], "x": 5.75, "y": 3.25},
                {"matrix": [3, 6], "x": 6.75, "y": 3.25},
                {"matrix": [3, 7], "x": 7.75, "y": 3.25},
                {"matrix": [3, 8], "x": 8.75, "y": 3.25},
                {"matrix": [3, 9], "x": 9.75, "y": 3.25},
                {"matrix": [3, 10], "x": 10.75, "y": 3.25},
                {"matrix": [3, 11], "x": 11.75, "y": 3.25},
                {"matrix": [3, 13], "x": 12.75, "y": 3.25, "w": 2.25},

                {"matrix": [3, 15], "x": 15.25, "y": 3.25},

                {"matrix": [4, 0], "x": 0, "y": 4.25, "w": 2.25},
                {"matrix": [4, 1], "x": 2.25, "y": 4.25},
                {"matrix": [4, 2], "x": 3.25, "y": 4.25},
                {"matrix": [4, 3], "x": 4.25, "y": 4.25},
                {"matrix": [4, 4], "x": 5.25, "y": 4.25},
                {"matrix": [4, 5], "x": 6.25, "y": 4.25},
                {"matrix": [4, 6], "x": 7.25, "y": 4.25},
                {"matrix": [4, 7], "x": 8.25, "y": 4.25},
                {"matrix": [4, 8], "x": 9.25, "y": 4.25},
                {"matrix": [4, 9], "x": 10.25, "y": 4.25},
                {"matrix": [4, 10], "x": 11.25, "y": 4.25},
                {"matrix": [4, 13], "x": 12.25, "y": 4.25, "w": 1.75},

                {"matrix": [4, 14], "x": 14.125, "y": 4.375},

                {"matrix": [4, 15], "x": 15.25, "y": 4.25},

                {"matrix": [5, 0], "x": 0, "y": 5.25, "w": 1.25},
                {"matrix": [5, 1], "x": 1.25, "y": 5.25, "w": 1.25},
                {"matrix": [5, 2], "x": 2.5, "y": 5.25, "w": 1.25},
                {"matrix": [5, 5], "x": 3.75, "y": 5.25, "w": 6.25},
                {"matrix": [5, 9], "x": 10, "y": 5.25},
                {"matrix": [5, 10], "x": 11, "y": 5.25},
                {"matrix": [5, 11], "x": 12, "y": 5.25},

                {"matrix": [5, 13], "x": 13.125, "y": 5.375},
                {"matrix": [5, 14], "x": 14.125, "y": 5.375},
                {"matrix": [5, 15], "x": 15.125, "y": 5.375}
            ]
        }
    }
}
