{
    "manufacturer": "yunzii",
    "keyboard_name": " AL80 Keyboard",
    "board": "STM32_F103_STM32DUINO",
    "bootloader": "stm32duino",
    "url": "www.yunzii.com",
    "maintainer": "yunzii",
    "bootloader_instructions": "Press ESC(ROW0COL0), Plug USB. ",
    "processor": "STM32F103",
    "usb": {
        "pid": "0x30AF",
        "vid": "0x28E9",
        "device_version": "1.1.9",
        "wait_for": false,
        "no_startup_check": true
    },
    "diode_direction": "ROW2COL",

    "matrix_pins": {  
        "rows": ["A0", "A1", "A2", "A3", "A4", "C5"],
        "cols": ["B0","B2", "B10", "B11", "B12", "B13", "B14", "B15", "A14", "A15", "B3", "B4","B5", "B8", "C13"]   
    },




    "features": {
        "bootmagic": true,
        "command": false,
        "console": true,
        "extrakey": true,
        "mousekey": true,
        "nkro": true,
        "rgblight": true,
        "rgb_matrix":true,
        "os_detection":true
    },


    "rgblight": {
        "led_count": 3,
        "driver": "custom",
        "animations": {
            "rainbow_mood" : true
        }
    },


    "encoder": {
        "rotary": [
            { "pin_a": "C6", "pin_b": "C7" }
        ]
    },

    "rgb_matrix": {
        "driver": "aw20216s",
        "animations": {
            "solid_color":true,
            "gradient_up_down": true,
            "gradient_left_right": true,
            "breathing": true,
            "band_sat": true,
            "band_val": true,
            "band_pinwheel_sat": true,
            "band_pinwheel_val": true,
            "band_spiral_sat": true,
            "band_spiral_val": true,
            "cycle_all": true,
            "cycle_left_right": true,
            "cycle_up_down": true,
            "cycle_out_in": true,
            "cycle_out_in_dual": true,
            "rainbow_moving_chevron": true,
            "cycle_pinwheel": true,
            "cycle_spiral": true,
            "dual_beacon": true,
            "rainbow_beacon": true,
            "rainbow_pinwheels": true,
            "hue_breathing": true,
            "hue_pendulum": true,
            "hue_wave": true
        },

        "layout": [
            { "flags": 4, "matrix": [0, 0], "x": 0, "y": 0 },
            { "flags": 4, "matrix": [0, 1], "x": 19, "y": 0 },
            { "flags": 4, "matrix": [0, 2], "x": 34, "y": 0 },
            { "flags": 4, "matrix": [0, 3], "x": 49, "y": 0 },
            { "flags": 4, "matrix": [0, 4], "x": 63, "y": 0 },  
            { "flags": 4, "matrix": [0, 5], "x": 82, "y": 0 },
            { "flags": 4, "matrix": [0, 6], "x": 97, "y": 0 },
            { "flags": 4, "matrix": [0, 7], "x": 112, "y": 0 },
            { "flags": 4, "matrix": [0, 8], "x": 127, "y": 0 },
            { "flags": 4, "matrix": [0, 9], "x": 146, "y": 0 },
            { "flags": 4, "matrix": [0, 10], "x": 161, "y": 0 },
            { "flags": 4, "matrix": [0, 11], "x": 175, "y": 0 },
            { "flags": 4, "matrix": [0, 12], "x": 190, "y": 0 },
            { "flags": 4, "matrix": [0, 13], "x": 209, "y": 0 },
            { "flags": 4, "matrix": [1, 0], "x": 0, "y": 13 },
            { "flags": 4, "matrix": [1, 1], "x": 15, "y": 13 },
            { "flags": 4, "matrix": [1, 2], "x": 30, "y": 13 },
            { "flags": 4, "matrix": [1, 3], "x": 45, "y": 13 },
            { "flags": 4, "matrix": [1, 4], "x": 60, "y": 13 },
            { "flags": 4, "matrix": [1, 5], "x": 75, "y": 13 },
            { "flags": 4, "matrix": [1, 6], "x": 89, "y": 13 },
            { "flags": 4, "matrix": [1, 7], "x": 104, "y": 13 },
            { "flags": 4, "matrix": [1, 8], "x": 119, "y": 13 },
            { "flags": 4, "matrix": [1, 9], "x": 135, "y": 13 },
            { "flags": 4, "matrix": [1, 10], "x": 149, "y": 13 },
            { "flags": 4, "matrix": [1, 11], "x": 164, "y": 13 },
            { "flags": 4, "matrix": [1, 12], "x": 179, "y": 13 },
            { "flags": 4, "matrix": [1, 13], "x": 202, "y": 13 },
            { "flags": 4, "matrix": [1, 14], "x": 224, "y": 13 },
            { "flags": 4, "matrix": [2, 0], "x": 4, "y": 26},
            { "flags": 4, "matrix": [2, 1], "x": 22, "y": 26 },
            { "flags": 4, "matrix": [2, 2], "x": 37, "y": 26 },
            { "flags": 4, "matrix": [2, 3], "x": 52, "y": 26 },
            { "flags": 4, "matrix": [2, 4], "x": 67, "y": 26 },
            { "flags": 4, "matrix": [2, 5], "x": 82, "y": 26 },
            { "flags": 4, "matrix": [2, 6], "x": 97, "y": 26 },
            { "flags": 4, "matrix": [2, 7], "x": 112, "y": 26 },
            { "flags": 4, "matrix": [2, 8], "x": 127, "y": 26 },
            { "flags": 4, "matrix": [2, 9], "x": 142, "y": 26 },
            { "flags": 4, "matrix": [2, 10], "x": 157, "y": 26 },
            { "flags": 4, "matrix": [2, 11], "x": 172, "y": 26 },
            { "flags": 4, "matrix": [2, 12], "x": 187, "y": 26 },
            { "flags": 4, "matrix": [2, 13], "x": 202, "y": 26 },
            { "flags": 4, "matrix": [2, 14], "x": 224, "y": 26 },   
            { "flags": 4, "matrix": [3, 0], "x": 5, "y": 39 },
            { "flags": 4, "matrix": [3, 1], "x": 26, "y": 39 }, 
            { "flags": 4, "matrix": [3, 2], "x": 41, "y": 39 },
            { "flags": 4, "matrix": [3, 3], "x": 56, "y": 39 },
            { "flags": 4, "matrix": [3, 4], "x": 71, "y": 39 },
            { "flags": 4, "matrix": [3, 5], "x": 86, "y": 39 },
            { "flags": 4, "matrix": [3, 6], "x": 101, "y": 39 },
            { "flags": 4, "matrix": [3, 7], "x": 116, "y": 39 },
            { "flags": 4, "matrix": [3, 8], "x": 131, "y": 39 },       
            { "flags": 4, "matrix": [3, 9], "x": 146, "y": 39 },
            { "flags": 4, "matrix": [3, 10], "x": 161, "y": 39 },
            { "flags": 4, "matrix": [3, 11], "x": 176, "y": 39 },
            { "flags": 4, "matrix": [3, 13], "x": 190, "y": 39 },                
            { "flags": 4, "matrix": [4, 0], "x": 9, "y": 52 },
            { "flags": 4, "matrix": [4, 2], "x": 34, "y": 52 },
            { "flags": 4, "matrix": [4, 3], "x": 49, "y": 52 },
            { "flags": 4, "matrix": [4, 4], "x": 63, "y": 52 },
            { "flags": 4, "matrix": [4, 5], "x": 78, "y": 52 },
            { "flags": 4, "matrix": [4, 6], "x": 93, "y": 52 },
            { "flags": 4, "matrix": [4, 7], "x": 108, "y": 52 },
            { "flags": 4, "matrix": [4, 8], "x": 123, "y": 52 },
            { "flags": 4, "matrix": [4, 9], "x": 138, "y": 52 },
            { "flags": 4, "matrix": [4, 10], "x": 153, "y": 52 },
            { "flags": 4, "matrix": [4, 11], "x": 168, "y": 52 },
            { "flags": 4, "matrix": [4, 12], "x": 189, "y": 52 },
            { "flags": 4, "matrix": [4, 13], "x": 209, "y": 52 },
            { "flags": 4, "matrix": [5, 0], "x": 2,"y": 64},
            { "flags": 4, "matrix": [5, 1], "x": 21, "y": 64 },
            { "flags": 4, "matrix": [5, 2], "x": 39, "y": 64 },
            { "flags": 4, "matrix": [5, 6], "x": 95, "y": 64 },
            { "flags": 4, "matrix": [5, 10], "x": 151, "y": 64 },
            { "flags": 4, "matrix": [5, 11], "x": 170, "y": 64 },
            { "flags": 4, "x": 183, "y": 60 },  
            { "flags": 4, "x": 183, "y": 62 },
            { "flags": 4, "x": 183, "y": 64 },
            { "flags": 4, "matrix": [5, 12], "x": 194, "y": 64 },
            { "flags": 4, "matrix": [5, 13], "x": 209, "y": 64},
            { "flags": 4, "matrix": [5, 14], "x": 224,"y": 64 }
        ]
     },


    "layouts": {
        "LAYOUT": {
            "layout": [
                {"matrix":[0, 0],"x": 0,"y":  0}, 
                {"matrix":[0, 1],"x": 1, "y": 0}, 
                {"matrix":[0, 2],"x": 2, "y": 0}, 
                {"matrix":[0, 3],"x": 3, "y": 0},
                {"matrix":[0, 4],"x": 4, "y": 0},
                {"matrix":[0, 5],"x": 5, "y": 0},
                {"matrix":[0, 6],"x": 6, "y": 0},
                {"matrix":[0, 7],"x": 7, "y": 0},
                {"matrix":[0, 8],"x": 8, "y": 0},
                {"matrix":[0, 9],"x": 9,"y": 0},
                {"matrix":[0, 10],"x": 10, "y": 0},
                {"matrix":[0, 11],"x": 11, "y": 0},
                {"matrix":[0, 12],"x": 12, "y": 0},
                {"matrix":[0, 13],"x": 14, "y": 0},
                {"matrix":[0, 14],"x": 15, "y": 0},
                {"matrix":[1, 0], "x": 0, "y": 1},
                {"matrix":[1, 1],"x": 1.5, "y": 1},
                {"matrix":[1, 2],"x": 2.5, "y": 1},
                {"matrix":[1, 3], "x": 3.5, "y": 1},
                {"matrix":[1, 4],"x": 4.5, "y": 1},
                {"matrix":[1, 5],"x": 5.5, "y": 1},
                {"matrix":[1, 6],"x": 6.5, "y": 1},
                {"matrix":[1, 7],"x": 7.5, "y": 1},
                {"matrix":[1, 8],"x": 8.5, "y": 1},
                {"matrix":[1, 9],"x": 9.5, "y": 1},
                {"matrix":[1, 10],"x":10.5, "y": 1},
                {"matrix":[1, 11],"x":11.5, "y": 1},
                {"matrix":[1, 12],"x":12.5, "y": 1},
                {"matrix":[1, 13],"x":14, "y": 1},
                {"matrix":[1, 14],"x":15, "y": 1},
                {"matrix":[2, 0], "x": 0, "y": 2},
                {"matrix":[2, 1],"x": 1.5, "y": 2},
                {"matrix":[2, 2],"x": 2.5, "y": 2},
                {"matrix":[2, 3], "x": 3.5, "y": 2},
                {"matrix":[2, 4],"x": 4.5, "y": 2},
                {"matrix":[2, 5],"x": 5.5, "y": 2},
                {"matrix":[2, 6],"x": 6.5, "y": 2},
                {"matrix":[2, 7],"x": 7.5, "y": 2},
                {"matrix":[2, 8],"x": 8.5, "y": 2},
                {"matrix":[2, 9],"x": 9.5, "y": 2},
                {"matrix":[2, 10],"x":10.5, "y": 2},
                {"matrix":[2, 11],"x":11.5, "y": 2},
                {"matrix":[2, 12],"x":12.5, "y": 2},
                {"matrix":[2, 13],"x":14, "y": 2},
                {"matrix":[2, 14],"x":15, "y": 2},
                {"matrix":[3, 0], "x": 0,"y": 3},
                {"matrix":[3, 1],"x": 1.75, "y": 3},
                {"matrix":[3, 2], "x": 2.75, "y": 3},
                {"matrix":[3, 3],"x": 3.75, "y": 3},
                {"matrix":[3, 4],"x": 4.75, "y": 3},
                {"matrix":[3, 5],"x": 5.75, "y": 3},
                {"matrix":[3, 6], "x": 6.75, "y": 3},
                {"matrix":[3, 7],"x": 7.75, "y": 3},
                {"matrix":[3, 8],"x": 8.75, "y": 3},
                {"matrix":[3, 9], "x":9.75,"y": 3},
                {"matrix":[3, 10],"x": 10.75, "y": 3},
                {"matrix":[3, 11], "x": 11.75, "y": 3},
                {"matrix":[3, 13],"x": 14, "y": 3},
                {"matrix":[4, 0],"x": 0, "y": 4},
                {"matrix":[4, 2],"x": 2.5, "y": 4},
                {"matrix":[4, 3],"x": 3.5, "y": 4},
                {"matrix":[4, 4],"x": 4.5, "y": 4},
                {"matrix":[4, 5],"x": 5.5, "y": 4},
                {"matrix":[4, 6],"x": 6.5, "y": 4},
                {"matrix":[4, 7],"x": 7.5, "y": 4},
                {"matrix":[4, 8],"x": 8.5, "y": 4},
                {"matrix":[4, 9],"x": 9.5, "y": 4},
                {"matrix":[4, 10],"x": 10.5, "y": 4},
                {"matrix":[4, 11],"x": 11.5, "y": 4},
                {"matrix":[4, 12],"x": 13, "y": 4},
                {"matrix":[4, 13],"x": 14, "y": 4},  
                {"matrix":[5, 0], "x": 0, "y": 5},
                {"matrix":[5, 1],"x": 1.25, "y": 5},
                {"matrix":[5, 2],"x": 2.5, "y": 5},
                {"matrix":[5, 6],"x": 8.75, "y": 5},
                {"matrix":[5, 10],"x": 10, "y": 5},
                {"matrix":[5, 11], "x": 11.25,"y": 5},
                {"matrix":[5, 12], "x": 12.50, "y": 5},
                {"matrix":[5, 13], "x": 13.75, "y": 5},
                {"matrix":[5, 14], "x": 15, "y": 5}
            ]
        }
    }
}




