{
    "manufacturer": "yunzii",
    "keyboard_name": "AL68 Keyboard",
    "board": "STM32_F103_STM32DUINO",
    "bootloader": "stm32duino",
    "url": "www.yunzii.com",
    "maintainer": "yunzii",
    "bootloader_instructions": "Press ESC(ROW0COL0), Plug USB. ",
    "processor": "STM32F103",
    "usb": {
        "pid": "0x304E",
        "vid": "0x28E9",
        "device_version": "1.1.7",
        "wait_for": false,
        "no_startup_check": true
    },
    "diode_direction": "ROW2COL",
    "matrix_pins": {
        "rows": ["A0", "A1", "A2", "A3", "A4"],
        "cols": ["B0","B2", "B10", "B11", "B12", "B13", "B14", "B15", "A14", "B3", "A15", "B5","B6", "B7", "C13"]   
    },





    "features": {
        "bootmagic": true,
        "command": false,
        "console": true,
        "extrakey": true,
        "mousekey": true,
        "nkro": true,
        "rgblight": true,
        "rgb_matrix":true,
        "os_detection":true
    },

    "rgblight": {
        "led_count": 2,
        "driver": "custom",
        "animations": {
            "rainbow_mood" : true
        }
    },

    "encoder": {
        "rotary": [
            { "pin_a": "A6", "pin_b": "A7" }
        ]
    },

   
    "ws2812": {
        "pin": "B8",
        "driver": "pwm"
      },
    "rgb_matrix": {
        "driver": "ws2812",
        "animations": {
            "solid_color":true,
            "gradient_up_down": true,
            "gradient_left_right": true,
            "breathing": true,
            "band_sat": true,
            "band_val": true,
            "band_pinwheel_sat": true,
            "band_pinwheel_val": true,
            "band_spiral_sat": true,
            "band_spiral_val": true,
            "cycle_all": true,
            "cycle_left_right": true,
            "cycle_up_down": true,
            "cycle_out_in": true,
            "cycle_out_in_dual": true,
            "rainbow_moving_chevron": true,
            "cycle_pinwheel": true,
            "cycle_spiral": true,
            "dual_beacon": true,
            "rainbow_beacon": true,
            "rainbow_pinwheels": true,
            "hue_breathing": true,
            "hue_pendulum": true,
            "hue_wave": true
        },

        "layout": [


            { "flags": 4, "matrix": [4, 5], "x": 95, "y": 64 }, 
            { "flags": 4, "matrix": [4, 10], "x": 151, "y": 64 },
            { "flags": 4, "matrix": [4, 11], "x": 170, "y": 64 },
            { "flags": 4,  "x": 183, "y": 56 },
            { "flags": 4,  "x": 183, "y": 64 },
            { "flags": 4, "matrix": [4, 12], "x": 183, "y": 64 },
            { "flags": 4, "matrix": [4, 13], "x": 194, "y": 64 },  
            { "flags": 4, "matrix": [4, 14], "x": 224, "y": 64 },
            { "flags": 4, "matrix": [3, 14], "x": 224, "y": 48 },
            { "flags": 4, "matrix": [3, 13], "x": 209, "y": 48 },
            { "flags": 4, "matrix": [3, 12], "x": 188, "y": 48 },
            { "flags": 4, "matrix": [3, 11], "x": 168, "y": 48 },
            { "flags": 4, "matrix": [3, 10], "x": 153, "y": 48 },
            { "flags": 4, "matrix": [3, 9], "x": 138, "y": 48 },
            { "flags": 4, "matrix": [3, 8], "x": 123, "y": 48 },
            { "flags": 4, "matrix": [3, 7], "x": 108, "y": 48 },
            { "flags": 4, "matrix": [3, 6], "x": 93, "y": 48 },
            { "flags": 4, "matrix": [3, 5], "x": 78, "y": 48 },
            { "flags": 4, "matrix": [3, 4], "x": 63, "y": 48 },
            { "flags": 4, "matrix": [3, 3], "x": 48, "y": 48 },
            { "flags": 4, "matrix": [3, 2], "x": 34, "y": 48 },
            { "flags": 4, "matrix": [4, 2], "x": 39, "y": 64 },
            { "flags": 4, "matrix": [4, 1], "x": 20, "y": 64 },
            { "flags": 4, "matrix": [4, 0], "x": 2, "y": 64 },
            { "flags": 4, "matrix": [3, 0], "x": 9, "y": 48 },           
            { "flags": 4, "matrix": [2, 0], "x": 6, "y": 32 },
            { "flags": 4, "matrix": [2, 1], "x": 25, "y": 32 }, 
            { "flags": 4, "matrix": [2, 2], "x": 41, "y": 32 },
            { "flags": 4, "matrix": [2, 3], "x": 56, "y": 32 },
            { "flags": 4, "matrix": [2, 4], "x": 71, "y": 32 },
            { "flags": 4, "matrix": [2, 5], "x": 86, "y": 32 },
            { "flags": 4, "matrix": [2, 6], "x": 101, "y": 32 },
            { "flags": 4, "matrix": [2, 7], "x": 116, "y": 32 },
            { "flags": 4, "matrix": [2, 8], "x": 130, "y": 32 },
            { "flags": 4, "matrix": [2, 9], "x": 145, "y": 32 },
            { "flags": 4, "matrix": [2, 10], "x": 160, "y": 32 },
            { "flags": 4, "matrix": [2, 11], "x": 175, "y": 32 },
            { "flags": 4, "matrix": [2, 13], "x": 200, "y": 32 },
            { "flags": 4, "matrix": [2, 14], "x": 224, "y": 32 },
            { "flags": 4, "matrix": [1, 14], "x": 224, "y": 16 },
            { "flags": 4, "matrix": [1, 13], "x": 205, "y": 16 },
            { "flags": 4, "matrix": [1, 12], "x": 187, "y": 16 },
            { "flags": 4, "matrix": [1, 11], "x": 172, "y": 16 },
            { "flags": 4, "matrix": [1, 10], "x": 157, "y": 16 },
            { "flags": 4, "matrix": [1, 9], "x": 142, "y": 16 },
            { "flags": 4, "matrix": [1, 8], "x": 127, "y": 16 },
            { "flags": 4, "matrix": [1, 7], "x": 112, "y": 16 },
            { "flags": 4, "matrix": [1, 6], "x": 97, "y": 16 },
            { "flags": 4, "matrix": [1, 5], "x": 82, "y": 16 },
            { "flags": 4, "matrix": [1, 4], "x": 67, "y": 16 },
            { "flags": 4, "matrix": [1, 3], "x": 52, "y": 16 },
            { "flags": 4, "matrix": [1, 2], "x": 37, "y": 16 },
            { "flags": 4, "matrix": [1, 1], "x": 22, "y": 16 },
            { "flags": 4, "matrix": [1, 0], "x": 4, "y": 16 },   
            { "flags": 4, "matrix": [0, 0], "x": 0,"y": 0},
            { "flags": 4, "matrix": [0, 1], "x": 15, "y": 0 },
            { "flags": 4, "matrix": [0, 2], "x": 30, "y": 0 },
            { "flags": 4, "matrix": [0, 3], "x": 45, "y": 0 },  
            { "flags": 4, "matrix": [0, 4], "x": 60, "y": 0 },
            { "flags": 4, "matrix": [0, 5], "x": 75, "y": 0 },
            { "flags": 4, "matrix": [0, 6], "x": 90, "y": 0 },
            { "flags": 4, "matrix": [0, 7], "x": 105, "y": 0 },
            { "flags": 4, "matrix": [0, 8], "x": 119, "y": 0 },
            { "flags": 4, "matrix": [0, 9], "x": 134,"y": 0 },
            { "flags": 4, "matrix": [0, 10], "x": 149, "y": 0 },
            { "flags": 4, "matrix": [0, 11], "x": 164, "y": 0 },
            { "flags": 4, "matrix": [0, 12], "x": 179, "y": 0 },
            { "flags": 4, "matrix": [0, 13], "x": 202, "y": 0 }


        


        ]
     },


    "layouts": {
        "LAYOUT": {
            "layout": [
                {"matrix":[0, 0],"x": 0,"y": 0}, 
                {"matrix":[0, 1],"x": 1, "y": 0}, 
                {"matrix":[0, 2],"x": 2, "y": 0}, 
                {"matrix":[0, 3],"x": 3, "y": 0},
                {"matrix":[0, 4],"x": 4, "y": 0},
                {"matrix":[0, 5],"x": 5, "y": 0},
                {"matrix":[0, 6],"x": 6, "y": 0},
                {"matrix":[0, 7],"x": 7, "y": 0},
                {"matrix":[0, 8],"x": 8, "y": 0},
                {"matrix":[0, 9],"x": 9,"y": 0},
                {"matrix":[0, 10],"x": 10, "y": 0},
                {"matrix":[0, 11],"x": 11, "y": 0},
                {"matrix":[0, 12],"x": 12, "y": 0},
                {"matrix":[0, 13],"x": 14, "y": 0},
                {"matrix":[0, 14],"x": 15, "y": 0}, 
                {"matrix":[1, 0], "x": 0, "y": 1},
                {"matrix":[1, 1],"x": 1.5, "y": 1},
                {"matrix":[1, 2],"x": 2.5, "y": 1},
                {"matrix":[1, 3], "x": 3.5, "y": 1},
                {"matrix":[1, 4],"x": 4.5, "y": 1},
                {"matrix":[1, 5],"x": 5.5, "y": 1},
                {"matrix":[1, 6],"x": 6.5, "y": 1},
                {"matrix":[1, 7],"x": 7.5, "y": 1},
                {"matrix":[1, 8],"x": 8.5, "y": 1},
                {"matrix":[1, 9],"x": 9.5, "y": 1},
                {"matrix":[1, 10],"x":10.5, "y": 1},
                {"matrix":[1, 11],"x":11.5, "y": 1},
                {"matrix":[1, 12],"x":12.5, "y": 1},
                {"matrix":[1, 13],"x":14, "y": 1},
                {"matrix":[1, 14],"x":15, "y": 1}, 
                {"matrix":[2, 0], "x": 0,"y": 2},
                {"matrix":[2, 1],"x": 1.75, "y": 2},
                {"matrix":[2, 2], "x": 2.75, "y": 2},
                {"matrix":[2, 3],"x": 3.75, "y": 2},
                {"matrix":[2, 4],"x": 4.75, "y": 2},
                {"matrix":[2, 5],"x": 5.75, "y": 2},
                {"matrix":[2, 6], "x": 6.75, "y": 2},
                {"matrix":[2, 7],"x": 7.75, "y": 2},
                {"matrix":[2, 8],"x": 8.75, "y": 2},
                {"matrix":[2, 9], "x":9.75,"y": 2},
                {"matrix":[2, 10],"x": 10.75, "y": 2},
                {"matrix":[2, 11], "x": 11.75, "y": 2},
                {"matrix":[2, 13],"x": 14, "y": 2},
                {"matrix":[2, 14],"x": 15, "y": 2},
                {"matrix":[3, 0],"x": 0, "y": 3},
                {"matrix":[3, 2],"x": 2.5, "y": 3},
                {"matrix":[3, 3],"x": 3.5, "y": 3},
                {"matrix":[3, 4],"x": 4.5, "y": 3},
                {"matrix":[3, 5],"x": 5.5, "y": 3},
                {"matrix":[3, 6],"x": 6.5, "y": 3},
                {"matrix":[3, 7],"x": 7.5, "y": 3},
                {"matrix":[3, 8],"x": 8.5, "y": 3},
                {"matrix":[3, 9],"x": 9.5, "y": 3},
                {"matrix":[3, 10],"x": 10.5, "y": 3},
                {"matrix":[3, 11],"x": 11.5, "y": 3},
                {"matrix":[3, 12],"x": 13, "y": 3},
                {"matrix":[3, 13],"x": 14, "y": 3},
                {"matrix":[3, 14],"x": 15, "y": 3},  
                {"matrix":[4, 0], "x": 0, "y": 4},
                {"matrix":[4, 1],"x": 1.25, "y": 4},
                {"matrix":[4, 2],"x": 2.5, "y": 4},
                {"matrix":[4, 5],"x": 8.75, "y": 4},
                {"matrix":[4, 10],"x": 10, "y": 4},
                {"matrix":[4, 11], "x": 11.25,"y": 4},
                {"matrix":[4, 12], "x": 12.50, "y": 4},
                {"matrix":[4, 13], "x": 13.75, "y": 4},
                {"matrix":[4, 14], "x": 15, "y": 4},
                {"matrix":[4, 3], "x": 15, "y": 4}
            
    

            ]
        }
    }
}




