{
    "name": "\u667a\u82af\u4e91SmartPro87",
    "vendorId": "0x5343",
    "productId": "0x0065",
    "matrix": {"rows": 6, "cols": 13},
    
    "layouts":{
      
      "keymap":[
            ["0,0","1,0","1,1","1,2","1,3","1,4","1,5","1,6","1,7","1,8","1,9","6,4","6,5","6,6",{"w":2},"8,0","7,7"],
            [{"w":1.5},"2,0","2,1","2,2","2,3","2,4","2,5","2,6","2,7","2,8","2,9","7,0","7,1","7,2",{"w":1.5},"8,1",{"x":0.25},"7,9"],
            [{"w":1.75},"3,0","3,1","3,2","3,3","3,4","3,5","3,6","3,7","3,8","3,9","7,3","7,4",{"w":2.25},"8,2","8,9"],
            [{"w":2.25},"4,0","4,1","4,2","4,3","4,4","4,5","4,6","4,7","4,8","4,9","5,8",{"w":1.5},"5,9","7,5","5,6"],
            [{"w":1.25},"5,0",{"w":1.25},"5,1",{"w":1.25},"5,2",{"w":6.25},"5,3","5,4","8,4","8,5","8,6"]
        ]
    }
  
  
  }
  
  