{
    "name": "KB83",
    "vendorId": "0xFFFE",
    "productId": "0x0007",
    "matrix": {
        "rows": 6,
        "cols": 16
    },
    "lighting": "vialrgb",
    "layouts": {
        "labels": [
            [
                "Layout",
                "LAYOUT"
            ]
        ],
        "keymap": [
            [
                "0,0\n\n\n0,0",
                {
                    "x": 0.25
                },
                "0,1\n\n\n0,0",
                "0,2\n\n\n0,0",
                "0,3\n\n\n0,0",
                "0,4\n\n\n0,0",
                {
                    "x": 0.25
                },
                "0,5\n\n\n0,0",
                "0,6\n\n\n0,0",
                "0,7\n\n\n0,0",
                "0,8\n\n\n0,0",
                {
                    "x": 0.25
                },
                "0,9\n\n\n0,0",
                "0,10\n\n\n0,0",
                "0,11\n\n\n0,0",
                "0,12\n\n\n0,0",
                {
                    "x": 0.25
                },
                "0,13\n\n\n0,0",
                {
                    "x": 0.25
                },
                "0,15\n\n\n0,0",
                {
                    "x": 1
                },
                "0,0\n\n\n\n\n\n\n\n\ne",
                "0,1\n\n\n\n\n\n\n\n\ne"
            ],
            [
                {
                    "y": 0.25
                },
                "1,0\n\n\n0,0",
                "1,1\n\n\n0,0",
                "1,2\n\n\n0,0",
                "1,3\n\n\n0,0",
                "1,4\n\n\n0,0",
                "1,5\n\n\n0,0",
                "1,6\n\n\n0,0",
                "1,7\n\n\n0,0",
                "1,8\n\n\n0,0",
                "1,9\n\n\n0,0",
                "1,10\n\n\n0,0",
                "1,11\n\n\n0,0",
                "1,12\n\n\n0,0",
                {
                    "w": 2
                },
                "1,13\n\n\n0,0",
                {
                    "x": 0.25
                },
                "1,15\n\n\n0,0"
            ],
            [
                {
                    "w": 1.5
                },
                "2,0\n\n\n0,0",
                "2,1\n\n\n0,0",
                "2,2\n\n\n0,0",
                "2,3\n\n\n0,0",
                "2,4\n\n\n0,0",
                "2,5\n\n\n0,0",
                "2,6\n\n\n0,0",
                "2,7\n\n\n0,0",
                "2,8\n\n\n0,0",
                "2,9\n\n\n0,0",
                "2,10\n\n\n0,0",
                "2,11\n\n\n0,0",
                "2,12\n\n\n0,0",
                {
                    "w": 1.5
                },
                "2,13\n\n\n0,0",
                {
                    "x": 0.25
                },
                "2,15\n\n\n0,0"
            ],
            [
                {
                    "w": 1.75
                },
                "3,0\n\n\n0,0",
                "3,1\n\n\n0,0",
                "3,2\n\n\n0,0",
                "3,3\n\n\n0,0",
                "3,4\n\n\n0,0",
                "3,5\n\n\n0,0",
                "3,6\n\n\n0,0",
                "3,7\n\n\n0,0",
                "3,8\n\n\n0,0",
                "3,9\n\n\n0,0",
                "3,10\n\n\n0,0",
                "3,11\n\n\n0,0",
                {
                    "w": 2.25
                },
                "3,13\n\n\n0,0",
                {
                    "x": 0.25
                },
                "3,15\n\n\n0,0"
            ],
            [
                {
                    "w": 2.25
                },
                "4,0\n\n\n0,0",
                "4,1\n\n\n0,0",
                "4,2\n\n\n0,0",
                "4,3\n\n\n0,0",
                "4,4\n\n\n0,0",
                "4,5\n\n\n0,0",
                "4,6\n\n\n0,0",
                "4,7\n\n\n0,0",
                "4,8\n\n\n0,0",
                "4,9\n\n\n0,0",
                "4,10\n\n\n0,0",
                {
                    "w": 1.75
                },
                "4,13\n\n\n0,0",
                {
                    "x": 1.25
                },
                "4,15\n\n\n0,0"
            ],
            [
                {
                    "x": 14.125,
                    "y": -0.87
                },
                "4,14\n\n\n0,0"
            ],
            [
                {
                    "y": -0.12,
                    "w": 1.25
                },
                "5,0\n\n\n0,0",
                {
                    "w": 1.25
                },
                "5,1\n\n\n0,0",
                {
                    "w": 1.25
                },
                "5,2\n\n\n0,0",
                {
                    "w": 6.25
                },
                "5,5\n\n\n0,0",
                "5,9\n\n\n0,0",
                "5,10\n\n\n0,0",
                "5,11\n\n\n0,0"
            ],
            [
                {
                    "x": 13.125,
                    "y": -0.87
                },
                "5,13\n\n\n0,0",
                "5,14\n\n\n0,0",
                "5,15\n\n\n0,0"
            ],
            []
        ]
    }
}
